age,ref_age,cfr,odds_ratio,or_lower_ci,or_upper_ci,risk_ratio,rr_lower_ci,rr_upper_ci,cutoff,frac,days_since_start,n,n_deaths
0.16,37.0,0.6725800975787796,0.3000771208302027,0.11950439481893355,0.7534976314651628,0.7708313191998453,0.5766763802631389,1.0303541864992762,1995-06-12 06:00:00,0.85,157,239,207
1.360677966101695,37.0,0.6811602330840371,0.31208345801891985,0.12807179553265316,0.7604803568496454,0.7806648500971172,0.5939423663814792,1.0260887969485626,1995-06-12 06:00:00,0.85,157,239,207
2.5613559322033903,37.0,0.6896192845467958,0.32457017882465644,0.13725340256991986,0.7675277917325514,0.790359608865167,0.6111528672559581,1.022114670148281,1995-06-12 06:00:00,0.85,157,239,207
3.762033898305085,37.0,0.6979534277952277,0.33755650379868224,0.14709324905355453,0.774640535782198,0.7999112126930469,0.6282816786840205,1.018425285824485,1995-06-12 06:00:00,0.85,157,239,207
4.9627118644067805,37.0,0.7061591400301658,0.3510624225226383,0.15763852488909316,0.7818191942240802,0.8093156241673111,0.6453032769643435,1.0150138747203605,1995-06-12 06:00:00,0.85,157,239,207
6.163389830508476,37.0,0.7142332006751819,0.36510872437808606,0.16893980307799,0.7890643778923672,0.8185691522462748,0.6621929444484524,1.0118734465938493,1995-06-12 06:00:00,0.85,157,239,207
7.36406779661017,37.0,0.7221726909048638,0.37971703054717293,0.18105128225546302,0.7963767032818795,0.8276684517193804,0.6789268849134075,1.0089968171741026,1995-06-12 06:00:00,0.85,157,239,207
8.564745762711865,37.0,0.7299749919115419,0.3949098272936715,0.1940310466161421,0.8037567926005464,0.8366105212207271,0.6954823279204837,1.0063766340548053,1995-06-12 06:00:00,0.85,157,239,207
9.76542372881356,37.0,0.7376377819776171,0.4107105005756202,0.20794134447407103,0.8112052738223506,0.84539269987372,0.7118376215149941,1.004005401510973,1995-06-12 06:00:00,0.85,157,239,207
10.966101694915256,37.0,0.745159032426478,0.42714337204284536,0.22284888679298104,0.8187227807407614,0.8540126626504936,0.7279723128130001,1.001875504233272,1995-06-12 06:00:00,0.85,157,239,207
12.166779661016951,37.0,0.7525370025297502,0.44423373647477404,0.23882516711852542,0.8263099530226655,0.8624684145352068,0.7438672162076126,0.999979229980294,1995-06-12 06:00:00,0.85,157,239,207
13.367457627118647,37.0,0.7597702334523193,0.4620079007161654,0.25594680444680634,0.8339674362627955,0.8707582835845478,0.7595044691073568,0.9983087911546344,1995-06-12 06:00:00,0.85,157,239,207
14.56813559322034,37.0,0.7668575413192252,0.4804932241706929,0.27429591067352077,0.8416958820386643,0.8788809129818332,0.7748675752885169,0.9968563453131598,1995-06-12 06:00:00,0.85,157,239,207
15.768813559322036,37.0,0.773798009490202,0.49971816091470916,0.29396048438593775,0.8494959479660082,0.8868352521830047,0.7899414360998781,0.9956140146255773,1995-06-12 06:00:00,0.85,157,239,207
16.96949152542373,37.0,0.7805909801283588,0.5197123034960177,0.3150348328862528,0.8573682977547439,0.8946205472536529,0.8047123698997206,0.9945739042984523,1995-06-12 06:00:00,0.85,157,239,207
18.170169491525428,37.0,0.7872360451493493,0.5405064284850697,0.3376200244702583,0.8653136012654417,0.902236330496033,0.8191681202297678,0.993728119984235,1995-06-12 06:00:00,0.85,157,239,207
19.37084745762712,37.0,0.7937330366364261,0.5621325438487033,0.3618243731303652,0.8733325345663272,0.9096824094639392,0.83329785333799,0.9930687841967482,1995-06-12 06:00:00,0.85,157,239,207
20.571525423728815,37.0,0.8000820168050736,0.5846239382193452,0.38776395800751584,0.881425779990806,0.9169588554613602,0.8470921457511985,0.992588051756019,1995-06-12 06:00:00,0.85,157,239,207
21.772203389830512,37.0,0.8062832675985806,0.6080152321355148,0.41556318008317145,0.8895940261955237,0.924065991618163,0.8605429626691784,0.9922781242864293,1995-06-12 06:00:00,0.85,157,239,207
22.972881355932206,37.0,0.8123372799929853,0.6323424313325031,0.44535535878115584,0.8978379682189657,0.9310043806326916,0.8736436280050366,0.9921312637929122,1995-06-12 06:00:00,0.85,157,239,207
24.173559322033903,37.0,0.8182447430864289,0.657642982165258,0.4772833713405403,0.906158307540596,0.9377748122672824,0.8863887869322356,0.9921398053404851,1995-06-12 06:00:00,0.85,157,239,207
25.374237288135596,37.0,0.8240065330441204,0.683955829248783,0.5115003380258661,0.9145557521405477,0.9443782906782974,0.8987743618184079,0.9922961688627427,1995-06-12 06:00:00,0.85,157,239,207
26.574915254237293,37.0,0.8296237019659833,0.7113214754047795,0.5481703564608398,0.923031016559865,0.9508160216575445,0.9107975024308437,0.9925928701251837,1995-06-12 06:00:00,0.85,157,239,207
27.775593220338987,37.0,0.8350974667396337,0.7397820440068027,0.587469288607212,0.9315848219613029,0.9570893998568872,0.9224565312898512,0.9930225308693574,1995-06-12 06:00:00,0.85,157,239,207
28.97627118644068,37.0,0.8404291979367591,0.7693813438198993,0.6295856041630343,0.9402178961906923,0.9631999960625945,0.9337508850256742,0.9935778881639002,1995-06-12 06:00:00,0.85,157,239,207
30.176949152542377,37.0,0.8456204088062602,0.8001649364345361,0.6747212844250579,0.9489309738388727,0.9691495445805887,0.9446810525638656,0.9942518029885689,1995-06-12 06:00:00,0.85,157,239,207
31.37762711864407,37.0,0.8506727444127514,0.8321802063986115,0.7230927909500149,0.957724796304196,0.9749399307882861,0.9552485109246546,0.9950372680773951,1995-06-12 06:00:00,0.85,157,239,207
32.578305084745764,37.0,0.8555879709642586,0.865476434155514,0.7749321036602885,0.9666001118556173,0.9805731789032746,0.9654556593755209,0.9959274150471179,1995-06-12 06:00:00,0.85,157,239,207
33.77898305084746,37.0,0.8603679653682393,0.9001048719004876,0.8304878333725112,0.9755576756963603,0.9860514400136648,0.9753057526244765,0.9969155208370716,1995-06-12 06:00:00,0.85,157,239,207
34.97966101694915,37.0,0.865014705050433,0.9361188224720788,0.8900264140845551,0.9845982500281824,0.991376980409668,0.9848028336859377,0.9979950134867543,1995-06-12 06:00:00,0.85,157,239,207
36.18033898305085,37.0,0.8695302580665668,0.9735737214000928,0.9538333807388812,0.9937226041162268,0.996552170250809,0.9939516669929173,0.9991594772773535,1995-06-12 06:00:00,0.85,157,239,207
37.381016949152546,37.0,0.8739167735326211,1.0125272222363588,1.0029315143544757,1.0222147385901432,1.001579472598234,1.0004026572635605,1.0027576722698262,1995-06-12 06:00:00,0.85,157,239,207
38.58169491525424,37.0,0.8781764723952278,1.0530392852996528,1.012225764331825,1.0954984307442404,1.0064614328368398,1.0017184632220801,1.0112268596205471,1995-06-12 06:00:00,0.85,157,239,207
39.78237288135593,37.0,0.8823116385598685,1.0951722699713748,1.0216061448987612,1.1740359109068514,1.0112006685074688,1.0031009730432776,1.01936576622764,1995-06-12 06:00:00,0.85,157,239,207
40.983050847457626,37.0,0.8863246103908459,1.1389910306840563,1.0310734542346334,1.2582038288840593,1.0157998595651878,1.0045444355924624,1.0271813950012965,1995-06-12 06:00:00,0.85,157,239,207
42.18372881355933,37.0,0.8902177725935587,1.1845630167504493,1.040628497915595,1.3484058369183134,1.0202617390757165,1.0060432730673086,1.0346811554617519,1995-06-12 06:00:00,0.85,157,239,207
43.38440677966102,37.0,0.8939935484864211,1.231958376186857,1.0502720889831365,1.4450745255226205,1.0245890843584204,1.007592082877883,1.0418728070868108,1995-06-12 06:00:00,0.85,157,239,207
44.585084745762714,37.0,0.8976543926668189,1.2812500636905284,1.0600050480132739,1.5486734980967996,1.028784708580903,1.009185639075677,1.0487644053073233,1995-06-12 06:00:00,0.85,157,239,207
45.78576271186441,37.0,0.9012027840728105,1.3325139529373142,1.0698282031863697,1.6596995942752402,1.032851452807151,1.0108188933578863,1.0553642502882483,1995-06-12 06:00:00,0.85,157,239,207
46.98644067796611,37.0,0.9046412194398403,1.3858289533724477,1.079742390357601,1.7786852726688953,1.0367921784983993,1.0124869756729702,1.0616808385915062,1995-06-12 06:00:00,0.85,157,239,207
48.1871186440678,37.0,0.9079722071495423,1.4412771316742232,1.0897484531280852,1.90620116442865,1.0406097604633597,1.0141851944532114,1.067722817779281,1995-06-12 06:00:00,0.85,157,239,207
49.387796610169495,37.0,0.9111982614657592,1.4989438380775393,1.0998472429166635,2.042858809876445,1.0443070802522323,1.0159090364996017,1.0734989439828355,1995-06-12 06:00:00,0.85,157,239,207
50.58847457627119,37.0,0.9143218971511797,1.55891783775175,1.1100396190323438,2.189313591328474,1.0478870199869348,1.0176541665438659,1.0790180424321654,1995-06-12 06:00:00,0.85,157,239,207
51.78915254237288,37.0,0.9173456244564918,1.6212914474350566,1.1203264487474247,2.3462678761756792,1.0513524566182668,1.0194164265118209,1.084288970915898,1995-06-12 06:00:00,0.85,157,239,207
52.98983050847458,37.0,0.9202719444726631,1.6861606775357525,1.130708607371288,2.5144743852951263,1.0547062565992453,1.0211918345115412,1.0893205861185538,1995-06-12 06:00:00,0.85,157,239,207
54.190508474576276,37.0,0.9231033448358523,1.7536253799190615,1.1411869783248787,2.69473980294648,1.0579512709625858,1.0229765835689248,1.0941217127634655,1995-06-12 06:00:00,0.85,157,239,207
55.39118644067797,37.0,0.9258422957735508,1.8237894016070528,1.1517624532158814,2.887928645465891,1.0610903307892594,1.0247670401323015,1.0987011154741084,1995-06-12 06:00:00,0.85,157,239,207
56.59186440677966,37.0,0.9284912464798056,1.896760744628214,1.1624359319145823,3.0949674073107896,1.0641262430542051,1.0265597423666033,1.1030674732540495,1995-06-12 06:00:00,0.85,157,239,207
57.79254237288136,37.0,0.9310526218067896,1.9726517322627377,1.1732083226304382,3.316849004339156,1.0670617868346002,1.0283513982564148,1.107229356476005,1995-06-12 06:00:00,0.85,157,239,207
58.99322033898306,37.0,0.9335288192595459,2.0515791819394336,1.184080541989361,3.554637535632346,1.069899709865595,1.0301388835358853,1.111195206263281,1995-06-12 06:00:00,0.85,157,239,207
60.19389830508475,37.0,0.9359222062804206,2.1336645850503726,1.19505351511171,3.8094733866981865,1.0726427254280506,1.0319192394620544,1.1149733161419795,1995-06-12 06:00:00,0.85,157,239,207
61.394576271186445,37.0,0.9382351178095083,2.219034293960085,1.2061281756910134,4.082578698528301,1.0752935095526142,1.0336896704466243,1.1185718158394644,1995-06-12 06:00:00,0.85,157,239,207
62.59525423728814,37.0,0.9404698541073528,2.3078197164971375,1.2173054660734144,4.3752632287381195,1.0778546985243553,1.0354475415596156,1.1219986571035188,1995-06-12 06:00:00,0.85,157,239,207
63.79593220338984,37.0,0.9426286788261505,2.4001575182274895,1.228586337337856,4.688930632898417,1.0803288866722094,1.0371903759166954,1.1252616014170913,1995-06-12 06:00:00,0.85,157,239,207
64.99661016949153,37.0,0.9447138173158034,2.496189832820977,1.2399717493770108,5.025085196182405,1.082718624427578,1.0389158519602746,1.1283682094853353,1995-06-12 06:00:00,0.85,157,239,207
66.19728813559323,37.0,0.9467274551513359,2.596064480834727,1.251462670978954,5.385339047611928,1.085026416636628,1.0406218006427914,1.1313258323745616,1995-06-12 06:00:00,0.85,157,239,207
67.39796610169492,37.0,0.9486717368684189,2.6999351972502925,1.2630600799096035,5.77141989150088,1.0872547211110992,1.0423062025189107,1.1341416041865362,1995-06-12 06:00:00,0.85,157,239,207
68.59864406779661,37.0,0.9505487648940346,2.807961868114732,1.274764962995914,6.185179293174256,1.0894059474027618,1.043967184751755,1.1368224361560937,1995-06-12 06:00:00,0.85,157,239,207
69.7993220338983,37.0,0.9523605986596451,2.9203107766498877,1.2865783162098479,6.628601558699417,1.091482455787033,1.0456030180367302,1.1393750120650887,1995-06-12 06:00:00,0.85,157,239,207
71.0,37.0,0.9541092538845983,3.0371548592087265,1.298501144753123,7.103813251215074,1.0934865564417042,1.0472121134450765,1.141805784871155,1995-06-12 06:00:00,0.85,157,239,207
0.16,37.0,0.7577375660994863,0.7160191297353057,0.16410124476434088,3.124189550683471,0.931202103188489,0.6593980127616119,1.3150439343167328,1995-07-10 00:00:00,1.0,185,261,216
1.360677966101695,37.0,0.7517863995425169,0.6933631766002022,0.17419243474503765,2.7598930766929803,0.9238885700310907,0.6642155279359102,1.2850799987868609,1995-07-10 00:00:00,1.0,185,261,216
2.5613559322033903,37.0,0.7462875864161589,0.6733740622481207,0.18472910428186873,2.4545814232751666,0.9171309449938851,0.6698119761119412,1.2557690818666467,1995-07-10 00:00:00,1.0,185,261,216
3.762033898305085,37.0,0.7412655567054987,0.6558604715043226,0.195719189025623,2.1978067670490806,0.9109592506790386,0.6761281412508905,1.2273513048317046,1995-07-10 00:00:00,1.0,185,261,216
4.9627118644067805,37.0,0.7367421155651062,0.6406576151276994,0.20717076576596488,1.981178079366548,0.9054002839707287,0.6831025766992368,1.2000389138851157,1995-07-10 00:00:00,1.0,185,261,216
6.163389830508476,37.0,0.7327364703097116,0.6276246485605953,0.21909243151138447,1.797929288398729,0.900477649204643,0.6906722033159273,1.1740156804113,1995-07-10 00:00:00,1.0,185,261,216
7.36406779661017,37.0,0.7292652740251259,0.6166424980623537,0.23149383435760326,1.6425835766717944,0.896211811762499,0.6987730480960035,1.1494370221220538,1995-07-10 00:00:00,1.0,185,261,216
8.564745762711865,37.0,0.726342679390752,0.6076120472673516,0.24438639797198716,1.510691278434985,0.8926201642158351,0.7073411604120543,1.12643064218199,1995-07-10 00:00:00,1.0,185,261,216
9.76542372881356,37.0,0.7239803967979411,0.600452645494903,0.2577842894390175,1.3986243314766444,0.8897170977490707,0.7163137421414154,1.1050974837653633,1995-07-10 00:00:00,1.0,185,261,216
10.966101694915256,37.0,0.7221877514865825,0.5951009063644032,0.27170568783502697,1.3034143362164816,0.8875140723760501,0.7256305228388984,1.0855128110982157,1995-07-10 00:00:00,1.0,185,261,216
12.166779661016951,37.0,0.72097173516781,0.5915097716422774,0.2861744170563176,1.2226243475825578,0.8860196803804394,0.7352353987458554,1.0677272549180037,1995-07-10 00:00:00,1.0,185,261,216
13.367457627118647,37.0,0.7203370484219542,0.5896478209471661,0.30122200945333377,1.154246840656594,0.8852396984196016,0.7450783308806975,1.0517677017015623,1995-07-10 00:00:00,1.0,185,261,216
14.56813559322034,37.0,0.7202861310329247,0.589498813123702,0.3168902646782823,1.0966220468371157,0.8851771248032542,0.7551174585856739,1.0376379639566462,1995-07-10 00:00:00,1.0,185,261,216
15.768813559322036,37.0,0.7208191783242753,0.59106144990378,0.3332343587646403,1.048372199245826,0.8858321995692576,0.7653213280242858,1.025319244426974,1995-07-10 00:00:00,1.0,185,261,216
16.96949152542373,37.0,0.7219341424846827,0.5943493570358286,0.3503265404715387,1.0083482619770332,0.8872024061125278,0.775671061979714,1.0147704974359921,1995-07-10 00:00:00,1.0,185,261,216
18.170169491525428,37.0,0.7236267188015606,0.5993912824976992,0.36826042585410507,0.9755865260324492,0.8892824542671903,0.7861622178666603,1.0059288852795107,1995-07-10 00:00:00,1.0,185,261,216
19.37084745762712,37.0,0.7258903176531879,0.6062315158338335,0.3871558715967569,0.949273090640287,0.8920642458870263,0.7968060160920954,0.9987106054907247,1995-07-10 00:00:00,1.0,185,261,216
20.571525423728815,37.0,0.7287160240343099,0.6149305371884123,0.4071643808764719,0.9287147484581952,0.8955368251055,0.8076296010935464,0.9930123958236965,1995-07-10 00:00:00,1.0,185,261,216
21.772203389830512,37.0,0.7320925472983139,0.6255659093627356,0.4284749845772469,0.9133151783480034,0.8996863165726982,0.8186750528917922,0.9887139779928481,1995-07-10 00:00:00,1.0,185,261,216
22.972881355932206,37.0,0.7360061646778989,0.6382334313338575,0.4513205598012491,0.902555631526234,0.9044958560465087,0.8299970116640353,0.9856815652445516,1995-07-10 00:00:00,1.0,185,261,216
24.173559322033903,37.0,0.7404406629778781,0.6530485772706538,0.4759846089345051,0.8959794839372782,0.9099455187374889,0.8416589928915301,0.9837723520612907,1995-07-10 00:00:00,1.0,185,261,216
25.374237288135596,37.0,0.745377283594533,0.6701482513271045,0.5028086309076589,0.8931801308702143,0.9160122517418139,0.8537287017316982,0.9828396815512076,1995-07-10 00:00:00,1.0,185,261,216
26.574915254237293,37.0,0.7507946766753492,0.6896928955558654,0.5322003659224473,0.8937917382972069,0.9226698177070631,0.8662728310510367,0.9827384191129381,1995-07-10 00:00:00,1.0,185,261,216
27.775593220338987,37.0,0.7566688707541527,0.7118689963705279,0.5646433701014433,0.8974823664405006,0.9298887575161012,0.8793518927332713,0.983330005314631,1995-07-10 00:00:00,1.0,185,261,216
28.97627118644068,37.0,0.76297326453739,0.7368920443288988,0.6007085576969075,0.9039489749856434,0.9376363801930376,0.8930155742871408,0.9844867287598014,1995-07-10 00:00:00,1.0,185,261,216
30.176949152542377,37.0,0.7696786476319796,0.7650100128913312,0.6410685212196472,0.9129138312868054,0.9458767883761876,0.9072989662568669,0.9860949169598813,1995-07-10 00:00:00,1.0,185,261,216
31.37762711864407,37.0,0.7767532568479578,0.7965074345595298,0.6865156025685334,0.9241218858463897,0.9545709475097611,0.9222198287781296,0.9880569311082377,1995-07-10 00:00:00,1.0,185,261,216
32.578305084745764,37.0,0.7841628742381139,0.8317101678192291,0.7379848552452202,0.9373387520588562,0.9636768063271521,0.9377769113062304,0.9902920149306618,1995-07-10 00:00:00,1.0,185,261,216
33.77898305084746,37.0,0.7918709722188457,0.87099096607154,0.7965832366652467,0.9523490177298781,0.9731494751934836,0.9539492377450174,0.9927361578567381,1995-07-10 00:00:00,1.0,185,261,216
34.97966101694915,37.0,0.7998389099328943,0.9147759808175595,0.8636266359821229,0.9689547082219107,0.9829414674205428,0.9706962234384077,0.995341184034343,1995-07-10 00:00:00,1.0,185,261,216
36.18033898305085,37.0,0.8080261834666795,0.963552356454599,0.9406867154841821,0.986973801528956,0.9930030067649432,0.9879584871090994,0.998073283756637,1995-07-10 00:00:00,1.0,185,261,216
37.381016949152546,37.0,0.8163907306488016,1.0178771039937535,1.0062387562666095,1.0296500630514336,1.0032824020024085,1.0009111810669278,1.0056592405079903,1995-07-10 00:00:00,1.0,185,261,216
38.58169491525424,37.0,0.8248892889864968,1.0783874768432553,1.0265950527888206,1.132792864190419,1.013726486804577,1.0038440969093239,1.023706164346729,1995-07-10 00:00:00,1.0,185,261,216
39.78237288135593,37.0,0.8334778029278447,1.1458131147699357,1.0478997681963504,1.2528752594711707,1.0242811202334239,1.0068696320729358,1.0419936999258301,1995-07-10 00:00:00,1.0,185,261,216
40.983050847457626,37.0,0.8421118741820663,1.2209902737780907,1.0700202128124119,1.3932608289167487,1.0348917401508149,1.0099916638705446,1.0604056965460822,1995-07-10 00:00:00,1.0,185,261,216
42.18372881355933,37.0,0.8507472464245658,1.3048785217976424,1.0928326539212831,1.5580683378549987,1.045503958884306,1.0132183267052957,1.0788183545762975,1995-07-10 00:00:00,1.0,185,261,216
43.38440677966102,37.0,0.8593403135089879,1.3985803550391942,1.1162211464553249,1.752365125596414,1.0560641877812893,1.0165601289554083,1.097103395015285,1995-07-10 00:00:00,1.0,185,261,216
44.585084745762714,37.0,0.8678486384609504,1.503364280460642,1.1400764828537495,1.9824145079351425,1.0665202750129976,1.0200282455926277,1.1151313720268035,1995-07-10 00:00:00,1.0,185,261,216
45.78576271186441,37.0,0.8762314691833117,1.6206920194521577,1.1642952672754723,2.2559935574267427,1.0768221393372366,1.0236330161519944,1.1327750292050442,1995-07-10 00:00:00,1.0,185,261,216
46.98644067796611,37.0,0.8844502360831219,1.7522506208386746,1.188779113581889,2.5828029809324344,1.086922381644234,1.027382669823059,1.149912587023334,1995-07-10 00:00:00,1.0,185,261,216
48.1871186440678,37.0,0.8924690168210238,1.899990432872652,1.213433962262542,2.9749980281387134,1.0967768560984688,1.0312822926170184,1.166430841181875,1995-07-10 00:00:00,1.0,185,261,216
49.387796610169495,37.0,0.9002549541222025,2.066170080537007,1.2381695086669173,3.4478791246463576,1.1063451835966984,1.0353330451983906,1.1822279516182828,1995-07-10 00:00:00,1.0,185,261,216
50.58847457627119,37.0,0.9077786140571389,2.2534098342384272,1.2628987332844164,4.020794183423159,1.1155911920678794,1.0395316337466929,1.1972158108684312,1995-07-10 00:00:00,1.0,185,261,216
51.78915254237288,37.0,0.9150142743281123,2.4647550488191152,1.287537524096315,4.7183226406882355,1.1244832707554537,1.043870030027617,1.2113218981633473,1995-07-10 00:00:00,1.0,185,261,216
52.98983050847458,37.0,0.9219401347606033,2.7037517101455038,1.312004380942907,5.57183605199627,1.1329946288953494,1.0483354307347263,1.2244905508974786,1995-07-10 00:00:00,1.0,185,261,216
54.190508474576276,37.0,0.9285384452338818,2.9745365657771408,1.336220192186051,6.621564194947681,1.1411034529329858,1.0529104402254923,1.2366836157657628,1995-07-10 00:00:00,1.0,185,261,216
55.39118644067797,37.0,0.9347955495024691,3.281944855622525,1.360108074533377,7.919342761818766,1.1487929603765341,1.0575734551779483,1.2478804752040817,1995-07-10 00:00:00,1.0,185,261,216
56.59186440677966,37.0,0.9407018465611059,3.631639322094515,1.3835932676036826,9.53228414346471,1.1560513523173876,1.0622992246116878,1.2580774778249393,1995-07-10 00:00:00,1.0,185,261,216
57.79254237288136,37.0,0.9462516742000682,4.0302649971781666,1.4066030755704835,11.54770398955068,1.1628716703284612,1.0670595543227763,1.2672868315309185,1995-07-10 00:00:00,1.0,185,261,216
58.99322033898306,37.0,0.9514431220192787,4.48563527374818,1.4290668489687581,14.079763884813051,1.1692515666726888,1.0718241212365656,1.2755350426236487,1995-07-10 00:00:00,1.0,185,261,216
60.19389830508475,37.0,0.9562777832897017,5.00695601781327,1.4509160004567931,17.27846998477088,1.1751929993594652,1.0765613606267639,1.2828610019399591,1995-07-10 00:00:00,1.0,185,261,216
61.394576271186445,37.0,0.9607604565849379,5.605096026757038,1.4720840489740423,21.341920993616796,1.180701865472463,1.0812393877062052,1.2893138290934585,1995-07-10 00:00:00,1.0,185,261,216
62.59525423728814,37.0,0.964898809018431,6.292914061269571,1.4925066873202386,26.533058591266048,1.185787587313655,1.0858269148718243,1.2949505883201655,1995-07-10 00:00:00,1.0,185,261,216
63.79593220338984,37.0,0.9687030132218193,7.085655070473987,1.512121868700662,33.20268611740614,1.1904626662771924,1.0902941269792015,1.299833984914088,1995-07-10 00:00:00,1.0,185,261,216
64.99661016949153,37.0,0.9721853699368591,8.00143121089055,1.5308699082408073,41.82125540385405,1.1947422190434491,1.0946134795136535,1.3040301409398645,1995-07-10 00:00:00,1.0,185,261,216
66.19728813559323,37.0,0.9753599273470717,9.061806982652287,1.5486935958766737,53.02297756604455,1.1986435097664359,1.0987603884750559,1.3076065342137304,1995-07-10 00:00:00,1.0,185,261,216
67.39796610169492,37.0,0.9782421071460915,10.292512464220115,1.5655383173808628,67.66733950233585,1.2021854905401095,1.102713786213572,1.3106301668974054,1995-07-10 00:00:00,1.0,185,261,216
68.59864406779661,37.0,0.9808483459376609,11.72431446587172,1.5813521805965167,86.92532339178014,1.205388360706114,1.1064565242675024,1.3131660108269174,1995-07-10 00:00:00,1.0,185,261,216
69.7993220338983,37.0,0.9831957589973555,13.394082756229242,1.596086144227292,112.40085851855481,1.2082731536423965,1.1099756122544455,1.3152757571382354,1995-07-10 00:00:00,1.0,185,261,216
71.0,37.0,0.9853018318005088,15.346097745818307,1.6096941467778805,146.30277217297132,1.2108613576743805,1.1132622906752934,1.3170168789420427,1995-07-10 00:00:00,1.0,185,261,216
