age,ref_age,cfr,odds_ratio,or_lower_ci,or_upper_ci,risk_ratio,rr_lower_ci,rr_upper_ci
0.16,37.0,0.7577375660994863,0.7160191297353057,0.16410124476434088,3.124189550683471,0.931202103188489,0.6593980127616119,1.3150439343167328
0.8755555555555556,37.0,0.7541379154917337,0.7021842752270455,0.17006200137328148,2.8993117356879257,0.9267784051079812,0.662172027621234,1.29712246417301
1.5911111111111111,37.0,0.7506952055725826,0.6893263728620671,0.17617983512482546,2.6970785163155,0.9225475752523575,0.6652309820434583,1.279396257206198
2.306666666666667,37.0,0.7474149450227884,0.6774012752491338,0.18245643246964857,2.5149701849261237,0.918516383373224,0.6685626725729755,1.261919609238935
3.0222222222222226,37.0,0.7443023103837823,0.6663684795903351,0.1888934687469575,2.3507797995196014,0.9146911910481027,0.6721545622140435,1.2447434295842323
3.737777777777778,37.0,0.7413621463812378,0.6561908990591799,0.19549262749837598,2.202571531817341,0.9110779520780699,0.6759938171169694,1.2279151284295569
4.453333333333334,37.0,0.7385989673584719,0.6468346554801016,0.2022556247101899,2.06864492460754,0.9076822142492975,0.6800673476126362,1.2114785468773757
5.1688888888888895,37.0,0.7360169596375434,0.638268891690075,0.20918423881956402,1.9475041733458534,0.9045091222346648,0.6843618545276178,1.1954739247856594
5.884444444444445,37.0,0.7336199846287258,0.6304656021295859,0.21628034743253982,1.83783168552844,0.9015634214150644,0.6888638817490048,1.1799379011858193
6.6000000000000005,37.0,0.7314115825139557,0.6233994803622784,0.2235459718216969,1.7384652872471913,0.8988494624060823,0.6935598760344857,1.1649035418357028
7.315555555555556,37.0,0.7293949763366859,0.6170477823618777,0.23098333039734018,1.6483785434331741,0.8963712060841174,0.6984362550732968,1.1504003883824365
8.03111111111111,37.0,0.7275730763389942,0.6113902045328763,0.23859490247491755,1.5666637397588499,0.8941322289163588,0.70347948478844,1.1364545236558874
8.746666666666668,37.0,0.7259484843966139,0.6064087755493425,0.24638350378873147,1.4925171426191535,0.8921357284111047,0.7086761668181112,1.1230886477827462
9.462222222222223,37.0,0.7245234984135154,0.6020877612052222,0.2543523753219872,1.42522621121274,0.8903845285183688,0.7140131370090164,1.11032216010175
10.177777777777779,37.0,0.7233001165495768,0.598413581570801,0.26250528712824167,1.3641584842954109,0.8888810848253677,0.7194775755769093,1.0981712422750318
10.893333333333334,37.0,0.722280041167571,0.595374739844558,0.27084665889999876,1.3087519051724832,0.8876274894070697,0.725057129317465,1.0866489385364344
11.60888888888889,37.0,0.7214646823989839,0.5929617623784189,0.27938169908549465,1.2585063831805425,0.886625475208315,0.7307400458582137,1.07576522970646
12.324444444444445,37.0,0.7208551612419585,0.5911671494382678,0.28811656435228655,1.212976419320522,0.8858764198509548,0.7365153194040104,1.0655270984492056
13.040000000000001,37.0,0.720452312118793,0.5899853363413101,0.2970585411331928,1.1717646487117777,0.8853813487768224,0.7423728467217612,1.0559385842619164
13.755555555555556,37.0,0.7202566848348302,0.589412664688259,0.3062162508541917,1.1345161738667358,0.8851409376550603,0.7483035912207521,1.0470008278788971
14.471111111111112,37.0,0.7202685458951773,0.5894473634820653,0.315599880225266,1.100913581044326,0.8851555140002693,0.7542997519143557,1.0387121061310394
15.186666666666667,37.0,0.720487879150436,0.590089539996715,0.32522143766884054,1.0706725476322936,0.8854250579660613,0.7603549328228358,1.0310678598002485
15.902222222222223,37.0,0.7209143857574333,0.5913411803301628,0.33509503656896833,1.043537962050056,0.8859492022968012,0.7664643070543278,1.0240607185830812
16.61777777777778,37.0,0.7215474834558043,0.5932061596453909,0.3452372055610698,1.0192804893937937,0.8867272314385812,0.7726247684813973,1.0176805288292579
17.333333333333336,37.0,0.72238630517613,0.5956902621735469,0.35566722557374963,0.9976935262335822,0.8877580798287281,0.778835062756782,1.0119143911055608
18.04888888888889,37.0,0.7234296970101404,0.5988012111237698,0.366407492823839,0.9785904968261198,0.8890403294013363,0.7850958885650512,1.0067467156740133
18.764444444444447,37.0,0.7246762155882227,0.602548708716299,0.3774839065127308,0.9618024506786087,0.8905722063644237,0.7914099596896905,1.0021593044643728
19.48,37.0,0.726124124924053,0.6069444866294815,0.38892627965067283,0.947175927995401,0.8923515773222236,0.7977820188826727,0.998131467872264
20.195555555555558,37.0,0.7277713928005547,0.612002367228015,0.40076877133078576,0.9345710651281044,0.8943759448338006,0.8042187958036242,0.9946401835809329
20.91111111111111,37.0,0.7296156867854869,0.617738336019926,0.41305033897368343,0.9238599167763419,0.8966424425165106,0.810728903504294,0.9916603025338121
21.62666666666667,37.0,0.7316543699786903,0.6241706258741629,0.42581520964644715,0.9149249753845541,0.8991478298196877,0.8173226709978724,0.9891648042533724
22.342222222222222,37.0,0.7338844966062482,0.631319813620069,0.43911337058619127,0.9076578709894837,0.9018884866102024,0.8240119131509765,0.9871251001331195
23.05777777777778,37.0,0.7363028075894309,0.6392089297452899,0.4530010805571332,0.9019582367521245,0.9048604077270286,0.8308096431128339,0.9855113794830199
23.773333333333337,37.0,0.7389057262280937,0.6478635820107924,0.46754140562962426,0.897732726646147,0.9080591976764674,0.8377297363067979,0.9842929894312009
24.48888888888889,37.0,0.7416893541490532,0.6573120939116445,0.482804785336156,0.8948941723965858,0.9114800656530082,0.8447865581956214,0.98343883673683
25.204444444444448,37.0,0.7446494676796214,0.6675856590311496,0.4988696378407528,0.8933608669251579,0.9151178210826761,0.8519945702076689,0.9829177975382911
25.92,37.0,0.7477815148147405,0.6787185124650622,0.515823015636372,0.8930559614414859,0.9189668698958711,0.8593679291371711,0.9826991202872978
26.63555555555556,37.0,0.7510806129527772,0.69074812063326,0.5337613262341178,0.8939069631078913,0.9230212117448293,0.8669200949581125,0.9827528076530031
27.351111111111113,37.0,0.7545415475797352,0.7037153909499103,0.5527911352163922,0.8958453200699957,0.9272744383866217,0.8746634604588964,0.9830499648791852
28.06666666666667,37.0,0.7581587720841951,0.7176649029914621,0.5730300718161384,0.8988060807234576,0.9317197334557271,0.8826090137037584,0.9835631046503038
28.782222222222224,37.0,0.76192640888538,0.7326451629865379,0.59460785982913,0.9027276144681636,0.9363498738503411,0.8907660414297757,0.9842664015932506
29.49777777777778,37.0,0.7658382520541632,0.7487088836550047,0.6176674991976107,0.9075513819200991,0.9411572329533953,0.8991418784764315,0.9851358927263109
30.213333333333335,37.0,0.7698877716012998,0.7659132916474115,0.6423666261117896,0.9132217435905273,0.9461337859024692,0.9077417055446646,0.9861496231342799
30.928888888888892,37.0,0.7740681195984773,0.7843204650830986,0.6688790821022332,0.9196857973413879,0.9512711171120986,0.9165683952266455,0.9872877386612655
31.644444444444446,37.0,0.7783721382857616,0.8039977039583694,0.6973967255208658,0.9268932363964612,0.9565604302372122,0.9256224044608955,0.9885325293401068
32.36,37.0,0.7827923703035361,0.8250179364983523,0.728131522235851,0.9347962212292832,0.9619925607474108,0.934901710375632,0.9898684285875727
33.07555555555555,37.0,0.7873210711680121,0.847460164860979,0.7613179565130992,0.9433492601639962,0.9675579912584248,0.9444017858359903,0.99128197393161
33.79111111111111,37.0,0.7919502240868486,0.8714099539728482,0.7972158081459674,0.9525090949324554,0.9732468697393892,0.9541156108097106,0.9927617352929272
34.50666666666667,37.0,0.7966715571854323,0.8969599676889805,0.8361133481479593,0.9622345886699625,0.9790490306826376,0.964033715791345,0.9942982167317451
35.22222222222222,37.0,0.8014765631851162,0.9242105569265266,0.8783310129680018,0.9724866148675526,0.9849540192867681,0.9741442538571439,0.9958837372061603
35.937777777777775,37.0,0.8063565215424715,0.9532704049319288,0.9242256264629872,0.9832279466181579,0.9909511186641069,0.9844330983553947,0.9975122953730008
36.653333333333336,37.0,0.8113025230237509,0.9842572354080317,0.97419525002922,0.9944231461034166,0.9970293800408645,0.9948839636850697,0.9991794228772416
37.36888888888889,37.0,0.8163054966517737,1.0172985898592313,1.0060384546872132,1.0286847546511921,1.003177655872816,1.0008820299822703,1.0054785470174792
38.08444444444444,37.0,0.8213562389239014,1.0525326812168116,1.0180416842396485,1.0881922245225735,1.009384635751983,1.0026182468306868,1.0161966891314902
38.8,37.0,0.8264454451603602,1.0901093315919954,1.0304021104414365,1.153276320750982,1.0156388849313462,1.0043872631170494,1.0270165527421433
39.51555555555556,37.0,0.831563742802629,1.1301910028809876,1.0430903688478281,1.2245647559799078,1.0219288852460457,1.0061891685107236,1.037914816799278
40.23111111111111,37.0,0.8367017264427907,1.1729539299256946,1.0560783544478638,1.3027640571683097,1.0282430781618004,1.0080247957896953,1.0488668852231648
40.946666666666665,37.0,0.8418499943274974,1.218589367028578,1.069339125367878,1.3886708250053499,1.0345699096355183,1.0098955683308901,1.0598471084413668
41.66222222222222,37.0,0.8469991860454322,1.26730495984471,1.0828468112545004,1.4831847354164032,1.0408978764303336,1.0118033533412036,1.0708290159143277
42.37777777777778,37.0,0.8521400210757625,1.319326256044782,1.0965765267487333,1.5873235724368038,1.0472155734887372,1.0137503219972395,1.0817855576082676
43.093333333333334,37.0,0.8572633378479217,1.3748983696779886,1.1105042903395788,1.7022406337260945,1.053511741934092,1.015738817481534,1.0926893521160348
43.80888888888889,37.0,0.8623601329409639,1.434287815884281,1.1246069487703494,1.829244911783119,1.0597753172436715,1.017771231750319,1.1035129388629161
44.52444444444444,37.0,0.8674216000343826,1.4977845345349103,1.13886210706794,1.9698245274553927,1.0659954771162679,1.0198498917353465,1.1142290315869583
45.24,37.0,0.8724391682123261,1.5657041235454283,1.1532480641769105,2.125673979983463,1.072161688545172,1.0219769555638396,1.1248107700724244
45.955555555555556,37.0,0.8774045392199784,1.6383903050364779,1.1677437541071263,2.2987258824518357,1.0782637536034454,1.02415431927145,1.1352319669579338
46.67111111111111,37.0,0.8823097232748504,1.7162176502493875,1.1823286924452001,2.491187976615941,1.0842918534532868,1.0263835343795742,1.145467346352006
47.38666666666667,37.0,0.887147073046909,1.7995945921947136,1.1969829280351374,2.705586370870438,1.0902365901050366,1.0286657366079033,1.1554927709786473
48.102222222222224,37.0,0.8919093154398265,1.888966758466923,1.2116869996007285,2.944816124765567,1.096089025473928,1.0310015858939898,1.1652854546510047
48.81777777777778,37.0,0.896589580830855,1.9848206605477514,1.2264218970597645,3.212200519235541,1.1018407173136773,1.0333912177929687,1.1748241570343443
49.53333333333333,37.0,0.9011814294584743,2.0876877803017884,1.2411690272663314,3.511560611225411,1.1074837516449076,1.0358342062319428,1.1840893579091156
50.24888888888889,37.0,0.9056788746844032,2.1981490993058648,1.2559101839107087,3.847296984035535,1.1130107713423976,1.0383295374951083,1.1930634084750142
50.964444444444446,37.0,0.9100764028989661,2.3168401222231574,1.2706275213052953,4.22448598187832,1.1184150005972713,1.0408755952177933,1.2017306576385487
51.68,37.0,0.9143689898852847,2.444456451718242,1.2853035317882173,4.648993172868302,1.1236902650273506,1.0434701560709585,1.2100775516874218
52.39555555555555,37.0,0.9185521135072434,2.581759979507403,1.2999210264828114,5.127607336132433,1.1288310072697036,1.0461103957231743,1.2180927062603564
53.111111111111114,37.0,0.9226217626375619,2.729585766159327,1.3144631191600655,5.668198937053871,1.1338322979525708,1.0487929045756084,1.2257669500544652
53.82666666666667,37.0,0.9265744422944485,2.8888496913307997,1.3289132129615688,6.2799078658445096,1.1386898420079223,1.0515137126781255,1.233093340256732
54.54222222222222,37.0,0.930407175007073,3.060556966384048,1.343254989752087,6.973366200717198,1.1433999803495216,1.0542683231522825,1.2400671502243799
55.257777777777775,37.0,0.9341174984803383,3.2458116129508108,1.3574724018828987,7.760962957444464,1.1479596870031055,1.0570517533707136,1.2466858304544193
55.973333333333336,37.0,0.9377034596771712,3.445827024171561,1.3715496661592899,8.657159250937427,1.1523665618339682,1.0598585830732223,1.25294894436053
56.68888888888889,37.0,0.9411636054807846,3.661937740261075,1.3854712598177281,9.678864082184262,1.156618819071589,1.0626830085385977,1.2588580808027177
57.404444444444444,37.0,0.9444969701393423,3.895612586980497,1.3992219183301027,10.845883150510101,1.1607152718800744,1.0655189018787086,1.2644167456815307
58.120000000000005,37.0,0.9477030597304509,4.148469344813079,1.412786634863772,12.18145576986812,1.1646553132661959,1.0683598744784752,1.269630235206395
58.83555555555556,37.0,0.950781833912463,4.422291138470017,1.4261506612370642,13.712898254681383,1.1684388936531234,1.0711993435726248,1.274505493672172
59.55111111111111,37.0,0.9537336852533052,4.719044761165247,1.4392995102201027,15.472376180045842,1.1720664954771183,1.0740306009283278,1.2790509587274654
60.266666666666666,37.0,0.956559416445293,5.040901176320573,1.4522189590404975,17.497832893064103,1.1755391051862678,1.0768468825924662,1.2832763971933319
60.98222222222223,37.0,0.9592602157261427,5.390258471484861,1.4648950539624288,19.83410778186674,1.178858183034768,1.0796414386640019,1.2871927344950018
61.69777777777778,37.0,0.9618376308322457,5.769767575836835,1.4773141158160557,22.53428537829197,1.1820256310734703,1.082407602066159,1.2908118807070579
62.413333333333334,37.0,0.9642935418105315,6.182361094338347,1.489462746361968,25.661325732479828,1.1850437597377197,1.0851388553204675,1.2941465560908132
63.12888888888889,37.0,0.9666301330102617,6.631285659159985,1.5013278353826063,29.29003809629249,1.1879152534273896,1.0878288943655212,1.297210118828946
63.84444444444445,37.0,0.9688498645663621,7.120138253273463,1.5128965683992708,33.50947434520767,1.190643135462056,1.0904716885179917,1.3000163974449905
64.56,37.0,0.9709554436719745,7.65290702308603,1.5241564349195074,38.42583645758939,1.193230732777138,1.0930615357422218,1.3025795301424297
65.27555555555556,37.0,0.9729497959203607,8.234017167824566,1.535095237125397,44.16601464218563,1.195681640705269,1.0955931124776295,1.3049138130181843
65.99111111111111,37.0,0.9748360369757989,8.868382574380153,1.5457010989185507,50.88190047907434,1.197999688161971,1.0980615173699173,1.3070335588062372
66.70666666666666,37.0,0.9766174448102782,9.561463959022474,1.5559624752425492,58.75565413326219,1.2001889035266555,1.100462308362069,1.3089529674964426
67.42222222222222,37.0,0.9782974327182773,10.319334383548291,1.565868161608119,68.00614811027258,1.2022534814798285,1.1027915327231397,1.3106860098582616
68.13777777777779,37.0,0.979879523296302,11.148753135077639,1.5754073037506016,78.89686443054615,1.204197751025913,1.1050457497252022,1.3122463245856282
68.85333333333334,37.0,0.981367323547744,12.057249098213088,1.5845694073532377,91.74559040565418,1.206026144899004,1.1072220458191566,1.3136471294733572
69.56888888888889,37.0,0.9827645012474954,13.053214908363612,1.593344347773549,106.93634410039148,1.20774317051677,1.1093180423053643,1.3149011467428884
70.28444444444445,37.0,0.984074762675108,14.146013358869045,1.6017223797135463,124.93406877731783,1.2093533826161915,1.1113318956416824,1.3160205423608011
71.0,37.0,0.9853018318005088,15.346097745818307,1.6096941467778805,146.30277217297132,1.2108613576743805,1.1132622906752934,1.3170168789420427
