age,cif_death,cif_recovery,kaplan_meier_ghani,horizon,cif_death_lower_ci,cif_death_upper_ci,cif_recovery_lower_ci,cif_recovery_upper_ci,kaplan_meier_ghani_lower_ci,kaplan_meier_ghani_upper_ci
0.16,0.8851619565255672,0.10690534390712118,0.8922398270152695,70.0,0.3123581932322288,0.9996670054089692,0.00013853911338438708,0.6030207773842708,0.3817461340449247,0.9998599974799205
0.8755555555555556,0.8734242816505646,0.11625523362766854,0.8825324442579928,70.0,0.3417117733257763,0.9991610479069188,0.0002468337336704405,0.5762882706220872,0.4222279348588056,0.9997500948413971
1.5911111111111111,0.8609886056629839,0.12595103920381845,0.872382227364251,70.0,0.37502825192509776,0.9981627096462551,0.00042738490064371927,0.5400536648083637,0.4449083925614316,0.9995663932035189
2.306666666666667,0.8479974835744678,0.13587032980492744,0.8619018449864325,70.0,0.4011404466074004,0.996156310793784,0.0007193110546895394,0.5136253673493945,0.45502572797708507,0.9992685176380901
3.0222222222222226,0.8346027760989562,0.14588954605171728,0.8512078649104422,70.0,0.4127236088507928,0.9931979490822134,0.0011811228578936903,0.5053412767715669,0.46510960582278826,0.9987957014486749
3.737777777777778,0.8209579793637755,0.15588941291543573,0.8404157966253976,70.0,0.4241091783763745,0.9896188618485006,0.001886726833996334,0.5235154184316816,0.46166287262454714,0.9980705986906848
4.453333333333334,0.8072120122401732,0.16575901023529618,0.829636231289226,70.0,0.4118396224764302,0.9822841151723597,0.002932599938007589,0.5318569018624157,0.4587091968967185,0.9969911415206375
5.1688888888888895,0.7935045780163271,0.17539852580264864,0.8189720673705067,70.0,0.4187706127624349,0.9741028836215047,0.004436641212232245,0.5369591273827388,0.443144930395128,0.9954311764817123
5.884444444444445,0.7799630231137401,0.18472083859967933,0.8085167110895914,70.0,0.4254984813306775,0.9681428280392901,0.006523060831401829,0.5269478943361917,0.45439690209209355,0.9932673896795765
6.6000000000000005,0.7667005015530735,0.19365214044793735,0.7983530924177605,70.0,0.4162795873612219,0.9626244772035152,0.009302162721063548,0.5017338599150674,0.48108824102021575,0.9903329144431027
7.315555555555556,0.7538152027625077,0.20213182000231458,0.7885533244115327,70.0,0.40593409034210043,0.9560427958828923,0.012617444332005175,0.5027490647989294,0.4749583210091705,0.9864294370267218
8.03111111111111,0.741390392930008,0.21011182003670717,0.7791788424941297,70.0,0.39358559232155477,0.945099515113379,0.01677491233546061,0.48876026612116974,0.46732157625964327,0.9814844931992472
8.746666666666668,0.7294950394991626,0.21755565049638995,0.7702808806385943,70.0,0.38349742585898566,0.932496220306897,0.0235559939685875,0.47376591228163367,0.46205057695626905,0.9753379755791387
9.462222222222223,0.7181848215469768,0.22443720528096386,0.761901166222237,70.0,0.37699205650247714,0.9248552724285252,0.03054814778029485,0.4581880601449571,0.46044649967693846,0.9679277459016605
10.177777777777779,0.7075033666177897,0.2307394962236426,0.7540727402659296,70.0,0.38445041056955026,0.9145090408282087,0.033284851065267726,0.4663168168760345,0.4579227517274632,0.9664761818699588
10.893333333333334,0.6974835914772697,0.23645338665183363,0.7468208324661202,70.0,0.3686790270048892,0.8990126326401034,0.04147152203422552,0.4551308442347706,0.45899469248113073,0.9580443593585064
11.60888888888889,0.68814905711461,0.24157638079059396,0.7401637398080686,70.0,0.36186121549084144,0.8863831976966532,0.04407237258144662,0.45912210097117234,0.4621116668941767,0.9552327372347007
12.324444444444445,0.6795152758415012,0.2461115044517174,0.7341136733600614,70.0,0.35961965805564455,0.8773260292111404,0.04884239974033587,0.47957083002066164,0.4674011415563904,0.9475420348421598
13.040000000000001,0.6715909303025107,0.25006629659916346,0.7286775502864457,70.0,0.3584235376150812,0.8623943962078017,0.05131926418854787,0.47464644056285316,0.48214063888733544,0.9424035113733691
13.755555555555556,0.6643789810373542,0.25345191982473225,0.7238577175962656,70.0,0.35825675247604616,0.8623069969807463,0.061181996285131546,0.468548109973512,0.48313961359391916,0.9301166652121964
14.471111111111112,0.6578776516322055,0.2562823897246826,0.7196526011525481,70.0,0.3593074616551553,0.8546157588050753,0.06756293022884743,0.48059223659217754,0.47492064668768497,0.9217268754643807
15.186666666666667,0.6520812892659967,0.2585739178763717,0.7160572784865796,70.0,0.36143119596224516,0.8495298969579737,0.0690902599676811,0.48635050436801935,0.47348980547611885,0.912693823256896
15.902222222222223,0.6469811043712508,0.26034435989761956,0.7130639774257774,70.0,0.3646020312730957,0.8449251336492357,0.07031277906689039,0.47774393904181234,0.4701095666544339,0.9111114350787419
16.61777777777778,0.6425657968714859,0.26161275836531833,0.7106625048226209,70.0,0.36684602748388734,0.8401640221389728,0.07167781613447638,0.4646541437728617,0.45490892516963105,0.9095163928155747
17.333333333333336,0.6388220786014892,0.262398969722321,0.7088406110683284,70.0,0.36453041640021394,0.8367173120264663,0.07586811307746974,0.46187233817875756,0.457797888875529,0.9078479029032214
18.04888888888889,0.6357351025229889,0.2627233643646133,0.7075842968292934,70.0,0.3622667335095669,0.8331852894171421,0.08126086958029802,0.4552756293820282,0.4659356521840324,0.9070744687765794
18.764444444444447,0.6332888095743202,0.262606589613964,0.7068780687434094,70.0,0.3649613797408842,0.82959470266019,0.08107832688540445,0.4364101752892303,0.46830349352811235,0.9070767444044902
19.48,0.6314662037089478,0.26206938605588187,0.706705150798911,70.0,0.3684023546895517,0.825908069261646,0.0835940595001755,0.4550026862254826,0.46756144276312156,0.9033278795653805
20.195555555555558,0.6302495650828331,0.26113244862596463,0.7070476578953353,70.0,0.3693314699935157,0.8222041240941629,0.08823452731438793,0.4407407162657563,0.47875606212501975,0.8994301593998714
20.91111111111111,0.629620610586821,0.2598163247695761,0.707886737730913,70.0,0.37127255660028635,0.8147333120463534,0.09314151937357763,0.42292699423624713,0.49487664213759464,0.8894247087824291
21.62666666666667,0.6295606100858108,0.25814134292178187,0.7092026867270236,70.0,0.3806298590731223,0.8065064772955234,0.09421472193774132,0.4230607203922032,0.5042082476588785,0.889110354006403
22.342222222222222,0.6300504658871336,0.25612756542124815,0.7109750452252882,70.0,0.39341984512297296,0.7980195883388693,0.09640163341275063,0.4209883162947984,0.5151928475821027,0.8886379829269937
23.05777777777778,0.6310707621574428,0.25379476076414736,0.7131826767007661,70.0,0.407483153222647,0.7901375038592352,0.09711326212810113,0.40831877726791527,0.5264369994152145,0.8882095467849586
23.773333333333337,0.6326017902643899,0.25116239081406233,0.7158038352407875,70.0,0.4227419725025973,0.7846928590365453,0.10347286239964455,0.4056588607794561,0.5334682735440229,0.8871319787466897
24.48888888888889,0.6346235553476102,0.24824960921085568,0.718816225051978,70.0,0.43722337363340963,0.7794482251913334,0.10917011933109885,0.40092377307820065,0.5421695141431255,0.8861654713857257
25.204444444444448,0.6371157688258348,0.24507526776967883,0.7221970552824305,70.0,0.44808800179664054,0.7768766012188928,0.10978871899759612,0.38007663754396825,0.5524342402187405,0.8850668425264087
25.92,0.6400578310201778,0.24165792813768325,0.7259230929835097,70.0,0.4600720566062721,0.7772395249034684,0.10462213209587609,0.37292854604412645,0.5638767784841102,0.8837759149791964
26.63555555555556,0.643428807611054,0.2380158763890589,0.7299707165866481,70.0,0.4731087688540595,0.7758861746808715,0.10182772113664765,0.37057316666287543,0.574482097471984,0.8836197153982968
27.351111111111113,0.6472074032387032,0.23416713859770352,0.7343159718344036,70.0,0.48712400557510066,0.7787009829120705,0.09983800269300468,0.3667515272246781,0.5807543019677512,0.8812938173465847
28.06666666666667,0.6513719351947851,0.23012949574008926,0.7389346316817366,70.0,0.5020349815806608,0.7793558579475492,0.09639599445905923,0.3614509977320435,0.6003312845289174,0.8799939262926653
28.782222222222224,0.6559003098243638,0.2259204965571467,0.7438022612732449,70.0,0.5159742027668202,0.7800875871409731,0.09689542220457757,0.35467226338245034,0.6061905880285933,0.8845157163455927
29.49777777777778,0.6607700039534112,0.22155746725093486,0.748894288706078,70.0,0.5333480125131143,0.7798620243969568,0.09099966962497458,0.346430230113218,0.6124090821023501,0.8875628239435509
30.213333333333335,0.6659580533669783,0.21705751711629984,0.7541860819084953,70.0,0.5510602731837791,0.7820244912977177,0.093545374548958,0.34050445384890027,0.6190332906995817,0.8872910660996512
30.928888888888892,0.6714410500785312,0.2124375394153811,0.7596530316035625,70.0,0.5626460545473713,0.7877151175637309,0.0948581709070787,0.33166209157189236,0.6311851542601434,0.8870359293304377
31.644444444444446,0.6771951498440935,0.20771420699841375,0.7652706399901001,70.0,0.5719921328272363,0.7926882321507137,0.0928421077165638,0.3299774448422755,0.6328349352426774,0.8929179196188703
32.36,0.6831960910796561,0.2029039623613243,0.7710146144632425,70.0,0.5828062807188092,0.7971357110928756,0.08724688726903325,0.3275672080898086,0.6401945724880087,0.8999461698169674
33.07555555555555,0.6894192260324525,0.19802300201159623,0.776860965419636,70.0,0.586135859249996,0.8019197656591893,0.082827745108952,0.3217794885479986,0.6478928108634934,0.9036683141599428
33.79111111111111,0.6958395647336538,0.19308725519008219,0.7827861069523723,70.0,0.5982644226166418,0.8115881990022653,0.08259437417394806,0.30684301035382716,0.6559211358829428,0.9047923646134782
34.50666666666667,0.7024318319213793,0.18811235716810465,0.7887669590428346,70.0,0.6063795732440665,0.8230983238442741,0.08033599621606824,0.2945702075651475,0.6683366157238407,0.9072790716078819
35.22222222222222,0.709170536770289,0.1831136175055346,0.794781049704789,70.0,0.6168871006862653,0.8311595326008686,0.07868582725947156,0.27694184088053997,0.6779408415136378,0.9098321309424016
35.937777777777775,0.7160300549012332,0.1781059838148161,0.8008066154334069,70.0,0.6256659988542216,0.8379664906111075,0.07591618526299,0.2686376385183071,0.6815052269145876,0.9158871162574952
36.653333333333336,0.7229847217773375,0.17310400172560678,0.8068226982603715,70.0,0.6299205269391734,0.8448798934587921,0.07106728696541438,0.2610651955000674,0.6903764376002391,0.9199034493875471
37.36888888888889,0.730008936229239,0.1681217718816,0.8128092377163749,70.0,0.6371354852133642,0.8515575263086763,0.06583197590742174,0.257040482884525,0.6994527906109456,0.9230514148357409
38.08444444444444,0.7370772725013485,0.1631729049215723,0.8187471560531371,70.0,0.6449232115566981,0.8616833420621883,0.061154573183960344,0.2530777154354938,0.7086596140498987,0.9257080553309742
38.8,0.7441645988835388,0.15827047549685172,0.8246184351760488,70.0,0.6533695613056544,0.8707492529558878,0.058726237664372155,0.24961827302432166,0.717967299785527,0.9316975737748976
39.51555555555556,0.7512462006998607,0.15342697645339506,0.830406183881581,70.0,0.6639466067845322,0.8747808533642351,0.05751887645899665,0.24599256095883837,0.7273456433261141,0.9377781775349532
40.23111111111111,0.7582979051792005,0.14865427435495887,0.8360946941752623,70.0,0.6709258570253431,0.8776730825114173,0.05308326808400989,0.24220381146589828,0.7367643754183377,0.9433235849187167
40.946666666666665,0.7652962055430033,0.1439635675414696,0.8416694856596334,70.0,0.6777167938323869,0.8809701858953719,0.04883324153773961,0.23825544983778535,0.7439864893656511,0.9470163719636845
41.66222222222222,0.7722183815219594,0.13936534790154387,0.8471173372196098,70.0,0.6787032843572536,0.8811187290154414,0.05194546539836583,0.23465860311088055,0.7459754324675893,0.94430440208503
42.37777777777778,0.7790426134644508,0.13486936748914924,0.8524263054868556,70.0,0.6806983054144635,0.88503523592101,0.05107989298805288,0.23004170829007486,0.7483196000569043,0.9450315782974223
43.093333333333334,0.7857480872296287,0.1304846110318646,0.8575857298266557,70.0,0.6855271369305764,0.8900195716277798,0.04868722257040323,0.22576782538855922,0.7510337202771673,0.9454032995562301
43.80888888888889,0.7923150871690681,0.1262192752637319,0.8625862238518419,70.0,0.6895241902982433,0.894172840979138,0.04444179022228189,0.22068885548863104,0.7541440796408151,0.9506541650824666
44.52444444444444,0.7987250746913525,0.12208075587236536,0.8674196537204512,70.0,0.6894792943615102,0.8973348997449524,0.04069724891878258,0.21581588121354328,0.7629400662162535,0.955473029041061
45.24,0.8049607501682655,0.11807564268222635,0.8720791037094552,70.0,0.6925500114182012,0.8997263448917046,0.03721158800811188,0.2162209089511382,0.7679852798950464,0.959928196302729
45.955555555555556,0.8110060962703818,0.11420972350948577,0.8765588297694054,70.0,0.7051950043623891,0.901526537938048,0.03487268573175395,0.21133574181518702,0.768202708998088,0.9617259130312126
46.67111111111111,0.8168464012012985,0.11048799692536178,0.8808542019485502,70.0,0.7139656240744795,0.9045026435271188,0.032293774900380004,0.20614916756624,0.7701885559180077,0.9650003189421446
47.38666666666667,0.8224682607181303,0.10691469396160769,0.8849616367254658,70.0,0.7143245006706678,0.9086110889306847,0.028525453746335798,0.2004648704189984,0.7750265105188212,0.9693252598170042
48.102222222222224,0.8278595582637477,0.1034933085916305,0.888878520403265,70.0,0.7073006817238936,0.9136626967956163,0.02717149025799553,0.20234265957306594,0.7722807880458691,0.9707334807989314
48.81777777777778,0.833009422974861,0.10022663663111452,0.8926031247941367,70.0,0.699934655750335,0.9181247171419479,0.025365326463216275,0.20664710020694282,0.7695710753671912,0.9723302808327025
49.53333333333333,0.8379081657506237,0.0971168225300762,0.8961345164596595,70.0,0.7001192647457405,0.9218294722744949,0.021994706225194838,0.21370954050161345,0.76541106139986,0.9756574406098671
50.24888888888889,0.8425471939510247,0.09416541338010152,0.8994724607706553,70.0,0.7034115314806894,0.924983680649694,0.01898027789792015,0.22054922214085007,0.7596835294382189,0.978987366367806
50.964444444444446,0.8469189056270091,0.09137341934096842,0.902617322012,70.0,0.699779854090592,0.9269045642008437,0.016298834269757045,0.22691570792301038,0.7541142306987496,0.9819537601129176
51.68,0.851016564452056,0.08874137960320787,0.9055699606855473,70.0,0.6969201467501838,0.9294217406304959,0.014021705159059285,0.22574038425634327,0.7621156468682896,0.9845814167996735
52.39555555555555,0.854834156718554,0.08626943294892958,0.9083316290617798,70.0,0.6993144081386359,0.9331348015340287,0.01256761061658918,0.23207672634593046,0.7600947831488348,0.9866132464115108
53.111111111111114,0.858366231876903,0.08395739195210555,0.9109038659022941,70.0,0.7007791577498531,0.9369243677527961,0.011266594033713079,0.24294161836285785,0.7525212040255096,0.9880208098226698
53.82666666666667,0.861607728130577,0.08180481986929916,0.9132883911256713,70.0,0.6973795909954429,0.9361386057748812,0.010104199204115455,0.24709494807398757,0.7400016745681016,0.989273004263797
54.54222222222222,0.8645537845611543,0.07981110930864074,0.9154870010239444,70.0,0.7088634033572658,0.9399813561141923,0.009066932487148854,0.25001772710674913,0.7379519592329383,0.9903858457466289
55.257777777777775,0.867199541153037,0.07797556182322284,0.9175014644612561,70.0,0.7077629009146716,0.9446848402030893,0.007404166428231808,0.24183567735130868,0.7487912130615629,0.9919409125321003
55.973333333333336,0.8695399279324298,0.07629746764821438,0.9193334203059546,70.0,0.7002268674560065,0.9481011710321411,0.005408582919097401,0.231706890634503,0.7601256644486373,0.9941535606621067
56.68888888888889,0.8715694442476616,0.07477618488102236,0.9209842761678204,70.0,0.705205795656486,0.9502960039984915,0.005037011292341799,0.22134139975532546,0.7717627343552089,0.9946526025329786
57.404444444444444,0.8732819290206992,0.07341121748210659,0.9224551083386459,70.0,0.7122973868540656,0.9522836121491467,0.0044823061320317156,0.21135940757461574,0.775196653732509,0.9952996589045725
58.120000000000005,0.8746703226190999,0.07220229154139701,0.923746562672095,70.0,0.7211298479025203,0.9537587911029736,0.0037475137504678303,0.2033123152613208,0.783114219631987,0.9959598455636328
58.83555555555556,0.875726420863632,0.07114942930220984,0.9248587559924057,70.0,0.7315213217603553,0.9549775709003098,0.0036692782550976936,0.197812356011449,0.7892171004916637,0.9960395507453271
59.55111111111111,0.8764406216327135,0.07025302045156565,0.9257911774955055,70.0,0.7296808498558356,0.9572083074280556,0.0034853069083924243,0.19209363070902605,0.7961553745988635,0.9963614183820159
60.266666666666666,0.8768016645874829,0.06951389016348987,0.9265425895046365,70.0,0.7274486050808959,0.9594341564265196,0.003634644307061028,0.1895599890773534,0.8024708833133616,0.9962062847001932
60.98222222222223,0.8767963647607552,0.0689333633111807,0.9271109268694392,70.0,0.7179978615852444,0.9599389719998443,0.003141171660828282,0.18706714412919212,0.7996669599251928,0.9962971541353949
61.69777777777778,0.876409341172457,0.0685133241364677,0.9274931942562002,70.0,0.7200811980092579,0.9592030076340734,0.002302101498576665,0.20884134252804404,0.7746768836689963,0.9973061489726012
62.413333333333334,0.8756227422990106,0.06825627047337583,0.9276853605708515,70.0,0.7259827876975182,0.9588566918569451,0.001658462857278427,0.20257815075143573,0.7732880055214117,0.9980759998338288
63.12888888888889,0.8744159711814239,0.06816536136104094,0.927682249788275,70.0,0.7182431384879859,0.9603392467743797,0.0013581145261155195,0.21048844114836168,0.7821100073926145,0.9985137957446513
63.84444444444445,0.8727654142526146,0.06824445654624314,0.9274774275339877,70.0,0.7097272853270259,0.9667991480554425,0.0011643626651391364,0.18409075648670228,0.7971777437177203,0.998724908617337
64.56,0.8706441796402868,0.0684981459674261,0.9270630828792629,70.0,0.6968904493073029,0.9703068780777141,0.0009513983105007502,0.19126147230117133,0.7977171435544566,0.9989388355230239
65.27555555555556,0.8680218527894769,0.06893176683515717,0.9264299049692846,70.0,0.6634718745835612,0.9722618146742105,0.0005958260008018555,0.18925855822801765,0.8045527606972305,0.9993804997306429
65.99111111111111,0.864864279763163,0.06955140539018316,0.9255669543060281,70.0,0.6261602586268366,0.9738051595482564,0.0003392160576574691,0.19600819459305824,0.7990334818084953,0.9996509599590963
66.70666666666666,0.8611333915074456,0.07036387985010747,0.92446152875192,70.0,0.586295441327323,0.9784628073561331,0.00017961739091536624,0.20342235783875462,0.7950540922484306,0.999809649759164
67.42222222222222,0.8567870856569536,0.07137670048114243,0.923099024604131,70.0,0.5443337396255479,0.9821076006726008,9.036867087184623e-05,0.20061356805776423,0.7832781111234448,0.9998989252590705
68.13777777777779,0.85177918599877,0.07259800219803458,0.9214627934083353,70.0,0.5008445629362527,0.9847073345238945,5.593131253980414e-05,0.19431387620253612,0.7957280585079782,0.9999410251809365
68.85333333333334,0.8460595033304941,0.07403644466460682,0.9195339955295608,70.0,0.4564856557690013,0.9904261662436556,3.303846590284941e-05,0.17485115006558577,0.7641825095826609,0.9999655638775091
69.56888888888889,0.8395740248743322,0.07570107461789032,0.9172914518707131,70.0,0.4119692665999524,0.9944736462945907,1.9101622074436375e-05,0.1807939187970703,0.7463064856411106,0.999980293046729
70.28444444444445,0.832265262278708,0.07760114516555268,0.9147114955221527,70.0,0.3680225619033185,0.99676719322313,1.0820564135635883e-05,0.18939865403642273,0.711220828645234,0.9999889351055254
71.0,0.8240727900805452,0.07974588721793312,0.9117678255374251,70.0,0.3253464928588253,0.9975322930043634,6.0146234871335756e-06,0.23479255605885865,0.6721900356026829,0.9999938897209513
